"index","coding","covariates","outcome","hr_obs","hr_std","delta_pct"
"nlr","per_doubling","core","death_all",1.30179220699526,1.30034454287434,-0.421879619500884
"nlr","per_doubling","core","death_cancer",1.05847567821944,1.05959438422628,1.85878559769997
"nlr","per_doubling","extended","death_all",1.27573233605042,1.27436264596452,-0.441123966229096
"nlr","per_doubling","extended","death_cancer",1.04361425374626,1.04485859205358,2.79134950458496
"nlr","per_sd","core","death_all",1.18364253243454,1.18236126344652,-0.642400937447075
"nlr","per_sd","core","death_cancer",1.03699631196607,1.0376117651097,1.63321361904902
"nlr","per_sd","extended","death_all",1.16844054323406,1.16723776616413,-0.661602666492038
"nlr","per_sd","extended","death_cancer",1.02766523321625,1.02838446340955,2.56371231099749
"nlr","q4_vs_q1","core","death_all",1.47009789976908,1.45015602014278,-3.54446367061
"nlr","q4_vs_q1","core","death_cancer",1.06608249385275,1.08632558878092,29.3953188629202
"nlr","q4_vs_q1","extended","death_all",1.42585929448517,1.4076101203103,-3.63084837378361
"nlr","q4_vs_q1","extended","death_cancer",1.04263943056709,1.06419993227472,49.0184778899872
"nlr","dichotomous","core","death_all",1.51225798740636,1.50194296390818,-1.65479841261615
"nlr","dichotomous","core","death_cancer",1.34656708467911,1.29146519898244,-14.0412971170095
"nlr","dichotomous","extended","death_all",1.46527079857797,1.45282138765102,-2.23343598008339
"nlr","dichotomous","extended","death_cancer",1.30582686378098,1.24934014412075,-16.572295359741
"sii","per_doubling","core","death_all",1.14696864338597,1.14659710461083,-0.236273072058906
"sii","per_doubling","core","death_cancer",0.982050414000908,0.983353282431971,-7.31976677757142
"sii","per_doubling","extended","death_all",1.14371134882719,1.14332017313625,-0.254755216350981
"sii","per_doubling","extended","death_cancer",0.982546470818001,0.983810796644699,-7.3034076328214
"sii","per_sd","core","death_all",1.10887412757957,1.10837524704901,-0.435433363901927
"sii","per_sd","core","death_cancer",0.986441791621596,0.987452894778792,-7.50478615149318
"sii","per_sd","extended","death_all",1.1064999052175,1.10599176967342,-0.453878611927394
"sii","per_sd","extended","death_cancer",0.986817303501394,0.987798436193042,-7.4884596648326
"sii","q4_vs_q1","core","death_all",1.28703445013283,1.28670585535924,-0.101190240746515
"sii","q4_vs_q1","core","death_cancer",1.02557213017114,1.01146222284294,-54.8643813028327
"sii","q4_vs_q1","extended","death_all",1.27809801812266,1.28389007806952,1.84272197825991
"sii","q4_vs_q1","extended","death_cancer",1.01956122899256,1.00902240410681,-53.6352715692721
"sii","dichotomous","core","death_all",1.13158958271324,1.13498938617916,2.42668136253226
"sii","dichotomous","core","death_cancer",0.937275550510399,0.942890404934353,-9.22032689352002
"sii","dichotomous","extended","death_all",1.13523143165703,1.13705999070185,1.26890959287764
"sii","dichotomous","extended","death_cancer",0.941575417028253,0.942784978549925,-2.13251239247345
"siri","per_doubling","core","death_all",1.26578911736878,1.26675298044467,0.322951243642772
"siri","per_doubling","core","death_cancer",1.0938269565754,1.09540360917239,1.60607858733395
"siri","per_doubling","extended","death_all",1.23998886191842,1.24044841938792,0.172264714729593
"siri","per_doubling","extended","death_cancer",1.08408451251548,1.08516618112551,1.2352305337655
"siri","per_sd","core","death_all",1.21681417602054,1.2167545923472,-0.0249536865541461
"siri","per_sd","core","death_cancer",1.07752644033823,1.07853561920828,1.25372396418793
"siri","per_sd","extended","death_all",1.19612894307208,1.19575387310189,-0.175117657211522
"siri","per_sd","extended","death_cancer",1.06952995317099,1.0701657927225,0.884161955980914
"siri","q4_vs_q1","core","death_all",1.51696650902895,1.48751687014932,-4.70454271910409
"siri","q4_vs_q1","core","death_cancer",1.21770773193896,1.11452882400267,-44.9501774816824
"siri","q4_vs_q1","extended","death_all",1.47028328042402,1.44186594854981,-5.06337006102047
"siri","q4_vs_q1","extended","death_cancer",1.20584632847609,1.1054118918052,-46.4594906576455
"siri","dichotomous","core","death_all",1.3067347671748,1.31375821988909,2.0036589566686
"siri","dichotomous","core","death_cancer",1.10374945886307,1.10832949103944,4.1949254555582
"siri","dichotomous","extended","death_all",1.27400241319212,1.27824174020303,1.37181800325719
"siri","dichotomous","extended","death_cancer",1.09431185631671,1.09408877657883,-0.226211419234708
"piv","per_doubling","core","death_all",1.1449068723871,1.14645429151273,0.998095035680927
"piv","per_doubling","core","death_cancer",1.0242913006394,1.02596252516301,6.79248452547453
"piv","per_doubling","extended","death_all",1.13664346145348,1.13779730388519,0.792176561432264
"piv","per_doubling","extended","death_cancer",1.02479914393541,1.02601466747116,4.83905693409335
"piv","per_sd","core","death_all",1.13699215393774,1.13778784265922,0.544897837509299
"piv","per_sd","core","death_cancer",1.02303184418978,1.0245035860105,6.31328682619531
"piv","per_sd","extended","death_all",1.12920509706878,1.1296715889046,0.339903357672686
"piv","per_sd","extended","death_cancer",1.02351305572114,1.02455276330487,4.36862462698601
"piv","q4_vs_q1","core","death_all",1.26907313442438,1.30188480998272,10.7124052493079
"piv","q4_vs_q1","core","death_cancer",1.04507213371596,1.08022454610135,75.0421658133152
"piv","q4_vs_q1","extended","death_all",1.25301354357865,1.28168530697279,10.030691321317
"piv","q4_vs_q1","extended","death_cancer",1.05159412770418,1.08662588571605,65.1400365556229
"piv","dichotomous","core","death_all",1.18932790545616,1.20490210111597,7.50336259346046
"piv","dichotomous","core","death_cancer",1.03821231624917,1.04111473199765,7.44444402170205
"piv","dichotomous","extended","death_all",1.18092977356442,1.19256518907257,5.89561882838182
"piv","dichotomous","extended","death_cancer",1.04131828629019,1.03983271835648,-3.5261282367947
